FastFood,Food,Price
AppleBees,Salsa Verde Beef Nachos,9.99
AppleBees,Cheeseburger Egg Rolls,9.29
AppleBees,Sweet Potato Fries and dips,4.99
AppleBees,Brew Pub Pretzels & Beer Cheese Dip,7.29
AppleBees,Spinach & Artichoke Dip,7.99
AppleBees,Mozzarella Sticks,8.29
AppleBees,Grilled Chicken Wonton Tacos,6.99
AppleBees,Double Crunch Bone-In Wings,10.59
AppleBees,Double Crunch Thai Peanut Wing,10.29
AppleBees,Boneless Wings,10.49
AppleBees,Steak Quesadilla,8.99
AppleBees,Chicken Quesadilla,7.99
AppleBees,House-Made Sweet & Spicy Pickles,2.99
AppleBees,Sriracha Shrimp,8.29
AppleBees,The Classic Combo,14.49
AppleBees,Chips & Salsa,2.99
AppleBees,Southwestern Steak Salad,10.99
AppleBees,Grilled Shrimp Avocado & Grapefruit Salad,10.99
AppleBees,Grilled Chicken Avocado & Grapefruit Salad,9.99
AppleBees,Crispy Chicken & Cornbread salad,10.99
AppleBees,Grilled Chicken & Corn Bread Salad,9.99
AppleBees,8oz Top Sirloin,14.99
AppleBees,6oz Top Sirloin,11.99
AppleBees,Hand-Cut Bone-In Pork Chop,13.99
AppleBees,Cedar-Grilled Salmon,13.59
AppleBees,Grilled Chicken Breast,9.99
AppleBees,Double-Glazed Baby-Back Ribs,17.99
AppleBees,Half Rack Double-Glazed Baby-Back Ribs,12.99
AppleBees,Shrimp 'N Parmesan Sirloin,17.99
AppleBees,Bone-In Pork Chop with Honey Apple Chutney,14.99
AppleBees,Bourbon Street Steak,15.29
AppleBees,Cedar Salmon with Maple Mustard Glaze,14.59
AppleBees,Smokin' Double Steak and Egg,16.99
AppleBees,Bourbon Street Chicken & Shrimp,12.99
AppleBees,Hot Shot Whiskey Chicken,11.49
AppleBees,Fiesta Lime Chicken,11.99
AppleBees,Chicken Tenders Platter,10.79
AppleBees,Chicken Tenders Basket,9.29
AppleBees,Cedar Grilled Lemon Chicken,11.29
AppleBees,Crispy Brewhouse Chicken,11.49
AppleBees,Grilled Chicken Breast,9.99
AppleBees,Pepper Crusted Sirloin w/ Whole Grains,12.69
AppleBees,Shrimp Wonton Stir-Fry,11.49
AppleBees,Thai Shrimp Salad,10.69
AppleBees,Grilled Onion Sirloin with Stout Beer Gravy,12.99
AppleBees,Cedar Grilled Lemon Chicken,11.29
AppleBees,Hot Shot Whiskey Chicken,11.49
AppleBees,Thai Shrimp Salad,10.69
AppleBees,Oriental Chicken Salad,10.49
AppleBees,Oriental Grilled Chicken Salad,10.49
AppleBees,Grilled Chicken Caesar Salad,10.29
AppleBees,Fiesta Chicken Chopped Salad,10.49
AppleBees,4-Cheese Mac & Cheese with Honey Pepper Chicken Tenders,12.49
AppleBees,Butcher's Meat & Potatoes,13.99
AppleBees,Sirloin Stir-Fry,12.99
AppleBees,3-Cheese Chicken Cavatappi,11.99
AppleBees,Double Crunch Shrimp,12.89
AppleBees,Loaded Brisket Enchiladas,11.49
AppleBees,Shrimp Wonton Stir-Fry,11.49
AppleBees,Hand-Battered Fish & Chips,12.29
AppleBees,Cedar Grilled Salmon,13.59
AppleBees,Cedar Salmon with Maple Mustard Glaze,14.59
AppleBees,Triple Hog Dare Ya,10.59
AppleBees,Maple Bacon Chicken Piadini,10.49
AppleBees,Clubhouse Grille,10.49
AppleBees,Chicken Fajita Rollup,9.29
AppleBees,All-Day Brunch Burger,10.99
AppleBees,Beer Garden All-In Burger,10.79
AppleBees,The American Standard Burger,9.99
AppleBees,The Blazin' Texan,11.29
AppleBees,Triple Bacon Burger,10.99
AppleBees,Classic Burger,8.99
AppleBees,Quesadilla Burger,10.49
AppleBees,Cracker Jack Banana Cheesecake,6.99
AppleBees,Brownie Bites,1
AppleBees,Blue Ribbon Brownie,5.49
AppleBees,Triple Chocolate Meltdown,5.79
AppleBees,Hot Fudge Sundae Dessert Shooter,2.49
AppleBees,Butter Pecan Blondie,5.49
AppleBees,Side House Chips,1.99
AppleBees,Sweet Potato Fries & Dips,4.99
AppleBees,Side BBQ-Spiced Fries,1.99
AppleBees,Side Garlic Fries,2.99
AppleBees,Side French Onion Soup,3.69
AppleBees,Side Southwest Steak & Black Bean Soup,3.99
AppleBees,Side Green Goddess Wedge Salad,5.49
AppleBees,Side Tomato Basil Soup,3.69
AppleBees,Side Chicken Tortilla Soup,3.69
AppleBees,Side House Salad,3.69
AppleBees,Side Caesar Salad,3.69
AppleBees,Side Crispy Cheddar Bacon Potatoes,1.99
AppleBees,Side 4 Cheese Mac & Cheese,2.99
AppleBees,Side Fire-Grilled Veggies,2.99
AppleBees,Side Garlicky Green Beans,1.99
AppleBees,Side Maple Pecan Mashed Sweet Potatoes,2.99
AppleBees,Side Baked Potato with Butter & Sour Cream,1.99
AppleBees,Side Hearty Grains & Rice,1.99
AppleBees,Side Garlic Mashed Potatoes,1.99
AppleBees,Kid One Hamburger,4.99
AppleBees,Kid One Cheeseburger,4.99
AppleBees,Kid Two Hamburgers,5.99
AppleBees,Kid Two Cheeseburgers,5.99
AppleBees,Kid Cheesy Bread Pizza,5.99
AppleBees,Kid Cheesy Bread Pizza,4.99
AppleBees,Kid Grilled Cheese,4.99
AppleBees,Kid Chicken Tenders,4.99
AppleBees,Kid Chicken Grillers,4.99
AppleBees,Kid Corn Dog,4.99
AppleBees,Kid Fried Shrimp,5.99
AppleBees,Kid Sirloin,5.99
AppleBees,Kid Macaroni & Cheese,4.99
AppleBees,Kid Chicken Mac & Cheese,5.99
AppleBees,"Flavored Iced Teas (Mango, Pomegranate, & Kiwi)",2.89
AppleBees,"Flavored Lemonades (Mango, Raspberry, Strawberry, Regular, Kiwi, & Pomegranate)",2.79
AppleBees,Applebee's Limeades (Strawberry & Cherry),2.69
AppleBees,Fountain Drinks,1.99
AppleBees,"Decadent Shakes (Oreo Cookie, Chocolate, Strawberry)",3.29
AppleBees,"Decadent Shakes (Salted Caramel, Chocolate Nut Brownie, Oreo, Chocolate, Strawberry, & Vanilla)",2.99
AppleBees,Brewed Iced Tea,2.79
AppleBees,Sweet Tea,2.79
AppleBees,Hot Tea,2.39
AppleBees,Fresh Brewed Coffee,2.79
AppleBees,Decaf Coffee,2.79
Burger King,Whopper,4.19
Burger King,Whopper - Meal,6.49
Burger King,Double Whopper,5.29
Burger King,Double Whopper - Meal,7.59
Burger King,Bacon & Cheese Whopper,5.19
Burger King,Bacon & Cheese Whopper - Meal,7.49
Burger King,A1 Ultimate Bacon Cheeseburger,6.29
Burger King,A1 Ultimate Bacon Cheeseburger - Meal,8.59
Burger King,Whopper Jr.,2.19
Burger King,Whopper Jr. - Meal,5.29
Burger King,Big King,3.89
Burger King,Big King - Meal,6.39
Burger King,Extra Long Cheeseburger (Limited Time),3.99
Burger King,Extra Long Cheeseburger - Meal (Limited Time),6.29
Burger King,Original Chicken Sandwich,4.09
Burger King,Original Chicken Sandwich - Meal,6.49
Burger King,Tendercrisp Chicken Sandwich,4.99
Burger King,Tendercrisp Chicken Sandwich - Meal,7.49
Burger King,Tendergrill Chicken Sandwich,4.99
Burger King,Tendergrill Chicken Sandwich - Meal,7.49
Burger King,Chicken Nuggets - Meal,5.99
Burger King,Chicken or Buffalo Chicken Fries (Limited Time),2.99
Burger King,Chicken or Buffalo Chicken Fries - Meal (Limited Time),5.59
Burger King,Big Fish Sandwich,3.99
Burger King,Big Fish Sandwich - Meal,6.39
Burger King,Flame Grilled Chicken Burger (Limited Time),3.89
Burger King,Flame Grilled Chicken Burger - Meal (Limited Time),5.99
Burger King,A1 Smoky Bacon Tendercrisp or Tendergrill (Limited Time),5.99
Burger King,A1 Smoky Bacon Tendercrisp or Tendergrill - Meal (Limited Time),8.49
Burger King,Value Menu,
Burger King,Bacon Cheeseburger,1.49
Burger King,Bacon Double Cheeseburger,2.29
Burger King,Bacon Cheeseburger Deluxe,1.69
Burger King,Double Cheeseburger,1.69
Burger King,French Fries,1.39
Burger King,Onion Rings,1.39
Burger King,Fountain Drink,1.29
Burger King,Icee,1.19
Burger King,Hamburger,1
Burger King,Cheeseburger,1
Burger King,Crispy Chicken Jr.,1
Burger King,Spicy Crispy Chicken Jr.,1
Burger King,Rodeo Crispy Chicken,1
Burger King,Rodeo Burger,1
Burger King,Chicken Nuggets,1.19
Burger King,Cookies,1
Burger King,Soft Serve (Cup or Cone),1
Burger King,Apple Pie,1.49
Burger King,Hershey's Sundae Pie,1.69
Burger King,Sides,
Burger King,Chicken Nuggets,2.99
Burger King,Chicken Nuggets,4.99
Burger King,Onion Rings,1.79
Burger King,Onion Rings,2.19
Burger King,Onion Rings,2.39
Burger King,French Fries,1.79
Burger King,French Fries,2.19
Burger King,French Fries,2.39
Burger King,Salads & More,
Burger King,Garden Grilled Chicken Salad,5.59
Burger King,Bacon Cheddar Ranch Chicken Salad (Crispy or Grilled),6.19
Burger King,Side Salad (Garden),1.99
Burger King,MorningStar Veggie Burger,3.29
Burger King,MorningStar Veggie Burger - Meal,5.49
Burger King,Desserts,
Burger King,Sundae (Caramel or Chocolate Fudge),1.59
Burger King,Chocolate Chip Cookies,2
Burger King,Soft Serve (Cone or Cup),1
Burger King,Cinnamon Roll,1.59
Burger King,Cinnamon Rolls,2.89
Burger King,French Toast Sticks,1
Burger King,French Toast Sticks,1.99
Burger King,Dutch Apple Pie,1.49
Burger King,Hershey's Sundae Pie,1.79
Burger King,Reese Peanut Butter Cup Pie (Limited Time),1.79
Burger King,Pie Made with Snickers (Limited Time),1.89
Burger King,"Hand-Spun Shakes (Vanilla, Strawberry, or Chocolate)",2.49
Burger King,"Hand-Spun Shakes (Vanilla, Strawberry, or Chocolate)",3.09
Burger King,"Hand-Spun Shakes (Vanilla, Strawberry, or Chocolate)",3.59
Burger King,Oreo or Red Velvet Shake (Limited Time),2.49
Burger King,Oreo or Red Velvet Shake (Limited Time),3.09
Burger King,Oreo or Red Velvet Shake (Limited Time),3.59
Burger King,Smooth Roast Coffee,1
Burger King,Smooth Roast Coffee,1.59
Burger King,Smooth Roast Coffee,1.79
Burger King,Smooth Roast Iced Coffee (Plain or Vanilla),1.89
Burger King,Smooth Roast Iced Coffee (Plain or Vanilla),2.39
Burger King,Smooth Roast Iced Coffee (Plain or Vanilla),2.89
Burger King,Iced Tea (Sweet or Unsweetened),1.79
Burger King,Iced Tea (Sweet or Unsweetened),2.09
Burger King,Iced Tea (Sweet or Unsweetened),2.39
Burger King,Drinks,
Burger King,Fountain Drink,1.79
Burger King,Fountain Drink,2.09
Burger King,Fountain Drink,2.39
Burger King,Orange Juice,1.69
Burger King,Apple Juice,1.29
Burger King,Bottled Water,1.09
Burger King,Icee,1.19
Burger King,Icee,1.59
Burger King,Real Fruit Smoothies & Frappes,
Burger King,Frappes (Mocha or Caramel),2.59
Burger King,Frappes (Mocha or Caramel),3.09
Burger King,Frappes (Mocha or Caramel),3.59
Burger King,Smoothies (Strawberry Banana or Tropical Mango),2.49
Burger King,Smoothies (Strawberry Banana or Tropical Mango),2.99
Burger King,Smoothies (Strawberry Banana or Tropical Mango),3.49
Burger King,Kids Menu,
Burger King,"Includes Side, Drink & Treat",
Burger King,Hamburger - Meal,3.99
Burger King,Cheeseburger - Meal,3.99
Burger King,Double Cheeseburger - Meal,4.99
Burger King,Chicken Nuggets - Meal,3.99
Burger King,Chicken Nuggets - Meal,4.99
Burger King,Breakfast Kids Menu,
Burger King,"Maple Flavor Oatmeal, Milk & Apple Slices",4.49
Burger King,Breakfast Combos Meals,
Burger King,Meals Include Small Hash Browns and Small Coffee. ,
Burger King,Upgrade to Medium for $0.69 or Large for $1.00,
Burger King,"Croissan'wich with Egg & Cheese with Sausage, Bacon, or Ham",2.99
Burger King,"Croissan'wich with Egg & Cheese with Sausage, Bacon, or Ham - Meal",
Burger King,"King Croissan'wich with Double Sausage, Ham & Sausage or Bacon & Sausage",3.69
Burger King,"King Croissan'wich with Double Sausage, Ham & Sausage or Bacon & Sausage - Meal",5.59
Burger King,Fully Loaded Croissan'wich,4.29
Burger King,Fully Loaded Croissan'wich - Meal,6.19
Burger King,Two Croissan'wich - Meal,5.99
Burger King,"Muffin Sandwich with Egg & Cheese with Sausage, Bacon, or Ham",
Burger King,"Muffin Sandwich with Egg & Cheese with Sausage, Bacon, or Ham - Meal",
Burger King,"Biscuit Sandwich with Egg & Cheese with Sausage, Bacon, or Ham",
Burger King,"Biscuit Sandwich with Egg & Cheese with Sausage, Bacon, or Ham - Meal",
Burger King,2 Sausage Burrito,2.38
Burger King,2 Sausage Burritos - Meal,4.39
Burger King,French Toast Sticks,1.99
Burger King,French Toast Sticks - Meal,3.99
Burger King,Maple Flavor Oatmeal - Meal,3.99
Burger King,Two Cinnamon Rolls,2.89
Burger King,Two Cinnamon Rolls - Meal,3.89
Burger King,"Bacon, Sausage, Egg & Cheese Biscuit (Limited Time)",3.69
Burger King,"Bacon, Sausage, Egg & Cheese Biscuit - Meal (Limited Time)",5.59
Burger King,Hash Brown Burrito (Limited Time),1.19
Burger King,Hash Brown Burrito - Meal (Limited Time),4.38
Burger King,Breakfast Platters,
Burger King,Ultimate Breakfast Platter,4.89
Burger King,Pancake & Sausage Platter,3.69
Burger King,Breakfast Oatmeal,
Burger King,Fruit Topped Maple Flavor,1.99
Burger King,Original,1.99
Burger King,Breakfast Value Menu,
Burger King,Sausage Burrito,1.19
Burger King,Sausage Biscuit,1
Burger King,Sausage & Cheese Muffin Sandwich,1.19
Burger King,French Toast Sticks,1
Burger King,Milk (Fat Free or Low-Fat Chocolate),1.49
Burger King,Hash Browns,1
Burger King,Hash Browns,1.69
Burger King,Hash Browns,1.89
Chick-fil-A,Chick-fil-A Chicken Sandwich,3.05
Chick-fil-A,Chick-fil-A Chicken Sandwich - Combo,5.95
Chick-fil-A,Chick-fil-A Chicken Deluxe Sandwich,3.65
Chick-fil-A,Chick-fil-A Chicken Deluxe Sandwich - Combo,6.55
Chick-fil-A,Spicy Chicken Sandwich,3.29
Chick-fil-A,Spicy Chicken Sandwich - Combo,6.19
Chick-fil-A,Spicy Chicken Deluxe Sandwich,3.89
Chick-fil-A,Spicy Chicken Deluxe Sandwich - Combo,6.79
Chick-fil-A,Chick-fil-A Nuggets,3.05
Chick-fil-A,Chick-fil-A Nuggets,4.45
Chick-fil-A,Chick-fil-A Nuggets - Combo,5.95
Chick-fil-A,Chick-fil-A Nuggets - Combo,8.59
Chick-fil-A,Chick-fil-A Nuggets (Grilled),3.85
Chick-fil-A,Chick-fil-A Nuggets (Grilled),5.75
Chick-fil-A,Chick-fil-A Nuggets (Grilled) - Combo,6.75
Chick-fil-A,Chick-fil-A Nuggets (Grilled) - Combo,8.59
Chick-fil-A,Chick-n-Strips,3.35
Chick-fil-A,Chick-n-Strips,4.39
Chick-fil-A,Chick-n-Strips - Combo,6.25
Chick-fil-A,Chick-n-Strips - Combo,7.25
Chick-fil-A,Grilled Chicken Sandwich,4.39
Chick-fil-A,Grilled Chicken Sandwich - Combo,7.19
Chick-fil-A,Grilled Chicken Club Sandwich,5.59
Chick-fil-A,Grilled Chicken Club Sandwich - Combo,8.39
Chick-fil-A,Chicken Salad Sandwich,3.99
Chick-fil-A,Chicken Salad Sandwich - Combo,6.79
Chick-fil-A,Grilled Chicken Cool Wrap,5.19
Chick-fil-A,Grilled Chicken Cool Wrap - Combo,8.15
Chick-fil-A,Soup & Salad (Large Chicken Soup and Side Salad),8.35
Chick-fil-A,Chilled Grilled Chicken Sub Sandwich (Limited Time),4.79
Chick-fil-A,Substitute Medium Premium Side,1
Chick-fil-A,Upsize Fries & Drink,0.46
Chick-fil-A,Waffle Potato Fries,1.55
Chick-fil-A,Waffle Potato Fries,1.65
Chick-fil-A,Waffle Potato Fries,1.85
Chick-fil-A,Baked Potato with Butter,1.65
Chick-fil-A,Yogurt Parfait,2.45
Chick-fil-A,Fruit Cup,2.05
Chick-fil-A,Fruit Cup,2.75
Chick-fil-A,Fruit Cup,4.25
Chick-fil-A,Side Salad,2.89
Chick-fil-A,Chicken Soup,2.65
Chick-fil-A,Chicken Soup,4.35
Chick-fil-A,Chicken Tortilla Soup (Limited Time),3.75
Chick-fil-A,Chicken Tortilla Soup (Limited Time),6.05
Chick-fil-A,Superfood Salad (Limited Time),2.89
Chick-fil-A,Superfood Salad (Limited Time),3.89
Chick-fil-A,Chicken Salad Cup,3.19
Chick-fil-A,Chicken Salad Cup,5.15
Chick-fil-A,Loaded Baked Potato (Limited Time),2.65
Chick-fil-A,Nuggets,3.35
Chick-fil-A,Nuggets,4.05
Chick-fil-A,Grilled Nuggets,3.75
Chick-fil-A,Grilled Nuggets,4.65
Chick-fil-A,Chick-n-Strips,3.05
Chick-fil-A,Chick-n-Strips,4.09
Chick-fil-A,Asian Salad,7.19
Chick-fil-A,Cobb Salad,7.19
Chick-fil-A,Grilled Market Salad,7.19
Chick-fil-A,"Hand-Spun Milkshakes (Cookies & Cream, Chocolate, Strawberry, or Vanilla)",2.75
Chick-fil-A,"Hand-Spun Milkshakes (Cookies & Cream, Chocolate, Strawberry, or Vanilla)",3.15
Chick-fil-A,Frosted Lemonade (Limited Time),2.75
Chick-fil-A,Icedream Cone,1.25
Chick-fil-A,Icedream Cone,1.65
Chick-fil-A,Icedream Cup,1.59
Chick-fil-A,Icedream Cup,1.85
Chick-fil-A,Icedream Topping,0.25
Chick-fil-A,Chocolate Chunk Cookie,1.19
Chick-fil-A,Chocolate Chunk Cookie,6.65
Chick-fil-A,Chick-fil-A Chicken Biscuit,2.19
Chick-fil-A,Chick-fil-A Chicken Biscuit - Combo,4.49
Chick-fil-A,Chick-n-Minis,2.29
Chick-fil-A,Chick-n-Minis,2.99
Chick-fil-A,Chick-n-Minis - Combo,4.65
Chick-fil-A,Chick-n-Minis - Combo,5.29
Chick-fil-A,Buttered Biscuit,0.89
Chick-fil-A,"Bacon, Egg & Cheese Biscuit",2.59
Chick-fil-A,"Bacon, Egg & Cheese Biscuit - Combo",4.95
Chick-fil-A,Spicy Chicken Biscuit,2.35
Chick-fil-A,Spicy Chicken Biscuit - Combo,4.65
Chick-fil-A,Breakfast Burrito (Chicken or Sausage),2.55
Chick-fil-A,Breakfast Burrito (Chicken or Sausage) - Combo,4.85
Chick-fil-A,"Sausage, Egg & Cheese Biscuit",2.59
Chick-fil-A,"Sausage, Egg & Cheese Biscuit - Combo",4.95
Chick-fil-A,"Chicken, Egg & Cheese Bagel",3.39
Chick-fil-A,"Chicken, Egg & Cheese Bagel - Combo",5.65
Chick-fil-A,Oatmeal,2.69
Chick-fil-A,Oatmeal & Fruit - Combo,6.69
Chick-fil-A,Fruit Cup,2.05
Chick-fil-A,Fruit Cup,2.75
Chick-fil-A,Fruit Cup,4.25
Chick-fil-A,Plain Bagel,1.29
Chick-fil-A,Bagel with Cream Cheese,1.79
Chick-fil-A,Hash Browns,0.99
Chick-fil-A,Yogurt Parfait,2.45
Chick-fil-A,Cinnamon Cluster,1.95
Chick-fil-A,Fresh-Squeezed Lemonade (Regular or Diet),1.55
Chick-fil-A,Fresh-Squeezed Lemonade (Regular or Diet),1.79
Chick-fil-A,Fresh-Squeezed Lemonade (Regular or Diet),2.09
Chick-fil-A,Iced Tea (Sweet or Unsweetened),1.35
Chick-fil-A,Iced Tea (Sweet or Unsweetened),1.59
Chick-fil-A,Iced Tea (Sweet or Unsweetened),1.85
Chick-fil-A,Soft Drinks,1.35
Chick-fil-A,Soft Drinks,1.59
Chick-fil-A,Soft Drinks,1.85
Chick-fil-A,Dasani Water,1.59
Chick-fil-A,Simply Orange Juice,2.15
Chick-fil-A,Apple Juice,1.09
Chick-fil-A,Freshly-Brewed Tea,4.5
Chick-fil-A,Fresh-Squeezed Lemonade,9.5
Chick-fil-A,Iced Coffee (Original or Vanilla),2.35
Chick-fil-A,Iced Coffee (Original or Vanilla),2.65
Chick-fil-A,Coffee,1.65
Chick-fil-A,Coffee,1.95
Chick-fil-A,Coffee,2.15
Chick-fil-A,Coffee,12.75
Chick-fil-A,1% Milk Plain or Chocolate,1.19
Chipotle,Burrito (Chicken),6.5
Chipotle,Burrito (Steak),7.5
Chipotle,Burrito (Carnitas),6.95
Chipotle,Burrito (Barbacoa),7.5
Chipotle,Burrito (Sofritas),6.5
Chipotle,Burrito (Vegetarian),6.5
Chipotle,Bowl (Chicken),6.5
Chipotle,Bowl (Steak),7.5
Chipotle,Bowl (Carnitas),6.95
Chipotle,Bowl (Barbacoa),7.5
Chipotle,Bowl (Sofritas),6.5
Chipotle,Bowl (Vegetarian),6.5
Chipotle,Taco (Chicken),2.4
Chipotle,Tacos (Chicken),6.5
Chipotle,Taco (Steak),2.75
Chipotle,Tacos (Steak),7.5
Chipotle,Taco (Carnitas),2.55
Chipotle,Tacos (Carnitas),6.95
Chipotle,Taco (Barbacoa),2.75
Chipotle,Tacos (Barbacoa),7.5
Chipotle,Taco (Sofritas),2.4
Chipotle,Tacos (Sofritas),6.5
Chipotle,Taco (Vegetarian),2.4
Chipotle,Tacos (Vegetarian),6.5
Chipotle,Salad (Chicken),6.5
Chipotle,Salad (Steak),7.5
Chipotle,Salad (Carnitas),6.95
Chipotle,Salad (Barbacoa),7.5
Chipotle,Salad (Sofritas),6.5
Chipotle,Salad (Vegetarian),6.5
Chipotle,Build Your Own,4.75
Chipotle,Cheese Quesadilla (No Meat),3.75
Chipotle,Cheese Quesadilla (with Meat or Guacamole),4.25
Chipotle,Chips & Guacamole,3.25
Chipotle,Chips & Salsa,1.95
Chipotle,Guacamole,1.95
Chipotle,Chips,1.3
Chipotle,Patron Margarita,7.15
Chipotle,Sauza Margarita,4.7
Chipotle,Beer,3.65
Chipotle,Beer,4.15
Chipotle,Bottled Water,2.25
Chipotle,Bottled Drink,2.6
Chipotle,Soda,1.8
Chipotle,Soda,2.1
Chipotle,Kid's Drink,1.65
Dairy Queen,Blizzard Treat,2.89
Dairy Queen,Blizzard Treat,3.69
Dairy Queen,Blizzard Treat,4.09
Dairy Queen,Blizzard Treat,4.69
Dairy Queen,Blizzard Treat,3.89
Dairy Queen,Add Extra Stuff,0.69
Dairy Queen,Peanut Buster Parfait,4.39
Dairy Queen,Banana Split,4.39
Dairy Queen,Cone,1.99
Dairy Queen,Cone,2.39
Dairy Queen,Cone,2.69
Dairy Queen,Dipped Cone,2.39
Dairy Queen,Dipped Cone,2.79
Dairy Queen,Dipped Cone,3.19
Dairy Queen,Waffle Cone (Plain),3.89
Dairy Queen,Waffle Cone (Chocolate Coated),3.89
Dairy Queen,Sundae,2.79
Dairy Queen,Sundae,3.09
Dairy Queen,Sundae,3.39
Dairy Queen,Fudge Stuffed Cookie,4.19
Dairy Queen,Apple Tart,4.39
Dairy Queen,Triple Chocolate Brownie,4.39
Dairy Queen,Shake,2.99
Dairy Queen,Shake,3.29
Dairy Queen,Shake,3.89
Dairy Queen,Shake,4.59
Dairy Queen,MooLatte,3.49
Dairy Queen,MooLatte,3.99
Dairy Queen,MooLatte,4.59
Dairy Queen,Arctic Rush,1.69
Dairy Queen,Arctic Rush,1.99
Dairy Queen,Arctic Rush,2.29
Dairy Queen,Soft Drink,1.79
Dairy Queen,Soft Drink,1.99
Dairy Queen,Soft Drink,2.19
Dairy Queen,Premium Fruit Smoothie,2.99
Dairy Queen,Premium Fruit Smoothie,3.49
Dairy Queen,Premium Fruit Smoothie,3.99
Dairy Queen,Julius Original,3.19
Dairy Queen,Julius Original,3.39
Dairy Queen,Julius Original,3.89
Dairy Queen,Add a Boost (Protein),0.99
Dairy Queen,Add a Boost (Fresh Banana),0.99
Dairy Queen,1/4 lb. Bacon Cheese GrillBurger,3.99
Dairy Queen,1/4 lb. Bacon Cheese GrillBurger - Combo,6.29
Dairy Queen,1/2 lb. FlameThrower GrillBurger,5.39
Dairy Queen,1/2 lb. FlameThrower GrillBurger - Combo,7.59
Dairy Queen,1/4 lb. Mushroom Swiss GrillBurger,3.99
Dairy Queen,1/4 lb. Mushroom Swiss GrillBurger - Combo,6.19
Dairy Queen,1/2 lb. Cheese GrillBurger,4.79
Dairy Queen,1/2 lb. Cheese GrillBurger - Combo,6.99
Dairy Queen,1/4 lb. Cheese GrillBurger,3.59
Dairy Queen,1/4 lb. Cheese GrillBurger - Combo,5.79
Dairy Queen,Original Cheeseburger,2.19
Dairy Queen,Original Cheeseburger - Combo,4.39
Dairy Queen,Original Double Cheeseburger,3.19
Dairy Queen,Original Double Cheeseburger - Combo,5.39
Dairy Queen,Chili Cheese Dog,2.49
Dairy Queen,Chili Cheese Dog - Combo,4.69
Dairy Queen,Chicken Sandwich (Grilled or Crispy),3.89
Dairy Queen,Chicken Sandwich (Grilled or Crispy) - Combo,6.19
Dairy Queen,Chicken Bacon Ranch,4.89
Dairy Queen,Chicken Bacon Ranch - Combo,6.99
Dairy Queen,Chicken Mozzarella,4.89
Dairy Queen,Chicken Mozzarella - Combo,6.99
Dairy Queen,Turkey BLT,4.89
Dairy Queen,Turkey BLT - Combo,6.99
Dairy Queen,Alaskan Pacific Cod Sandwich (Limited Time),3.19
Dairy Queen,Alaskan Pacific Cod Sandwich - Combo (Limited Time),5.39
Dairy Queen,Buffalo Chicken,1.89
Dairy Queen,Chicken Bacon BBQ,1.89
Dairy Queen,Chicken Quesadilla,1.89
Dairy Queen,Chicken Strip Basket,5.49
Dairy Queen,Chicken Strip Basket with Drink,6.49
Dairy Queen,Chicken Strip Basket,6.89
Dairy Queen,Chicken Strip Basket with Drink,7.89
Dairy Queen,Deluxe Cheeseburger Lunch,5
Dairy Queen,Chicken Strip Lunch,5
Dairy Queen,Crispy Chicken Wraps Lunch,5
Dairy Queen,KC BBQ Bacon Cheeseburger Lunch,5
Dairy Queen,Chicken BLT Salad (Crispy or Grilled),6.19
Dairy Queen,Chicken Garden Greens Salad (Crispy or Grilled),6.19
Dairy Queen,Side Salad,2.19
Dairy Queen,Chicken Wrap,1.89
Dairy Queen,Fries,2.19
Dairy Queen,Fries,2.69
Dairy Queen,Onion Rings,2.49
Dairy Queen,Onion Rings,2.69
Dairy Queen,Breaded Mushrooms,2.49
Dairy Queen,Cheese Curds,3.29
Dairy Queen,Cheese Curds,5.99
Dairy Queen,"Pick Your Meal, Side, Drink & Treat",4.29
Five Guys,Hamburger,6.99
Five Guys,Cheeseburger,7.69
Five Guys,Bacon Burger,7.99
Five Guys,Bacon Cheeseburger,8.69
Five Guys,Little Hamburger,4.99
Five Guys,Little Cheeseburger,5.69
Five Guys,Little Bacon Burger,5.99
Five Guys,Little Bacon Cheeseburger,6.69
Five Guys,Hot Dog,4.69
Five Guys,Cheese Dog,5.39
Five Guys,Bacon Dog,5.69
Five Guys,Bacon Cheese Dog,6.39
Five Guys,Veggie Sandwich,3.69
Five Guys,Veggie Sandwich with Cheese,4.39
Five Guys,Grilled Cheese,4.39
Five Guys,BLT,5.59
Five Guys,Fries,3.09
Five Guys,Fries,4.19
Five Guys,Fries,5.79
Five Guys,Cajun Fries,3.09
Five Guys,Cajun Fries,4.19
Five Guys,Cajun Fries,5.79
Five Guys,Fries,3.09
Five Guys,Fries,4.19
Five Guys,Fries,5.79
Five Guys,Cajun Fries,3.09
Five Guys,Cajun Fries,4.19
Five Guys,Cajun Fries,5.79
Hardee's,1/3 lb. Cheeseburger,4.19
Hardee's,1/3 lb. Cheeseburger - Combo,6.69
Hardee's,1/2 lb. Cheeseburger,5.49
Hardee's,1/2 lb. Cheeseburger - Combo,7.99
Hardee's,1/3 lb. Original Thickburger,4.59
Hardee's,1/3 lb. Original Thickburger - Combo,7.09
Hardee's,1/2 lb. Original Thickburger,5.79
Hardee's,1/2 lb. Original Thickburger - Combo,8.69
Hardee's,1/3 lb. Mushroom & Swiss Thickburger,4.79
Hardee's,1/3 lb. Mushroom & Swiss Thickburger - Combo,7.29
Hardee's,1/2 lb. Mushroom & Swiss Thickburger,6.19
Hardee's,1/2 lb. Mushroom & Swiss Thickburger - Combo,8.69
Hardee's,1/3 lb. Bacon Cheese Thickburger,5.29
Hardee's,1/3 lb. Bacon Cheese Thickburger - Combo,7.79
Hardee's,1/2 lb. Bacon Cheese Thickburger,6.59
Hardee's,1/2 lb. Bacon Cheese Thickburger - Combo,9.09
Hardee's,1/3 lb. Frisco Thickburger,5.29
Hardee's,1/3 lb. Frisco Thickburger - Combo,7.79
Hardee's,1/2 lb. Frisco Thickburger,6.29
Hardee's,1/2 lb. Frisco Thickburger - Combo,8.79
Hardee's,2/3 lb. Monster Thickburger,7.29
Hardee's,2/3 lb. Monster Thickburger - Combo,9.79
Hardee's,1/4 lb. Little Thick Cheeseburger,2.79
Hardee's,1/4 lb. Little Thick Cheeseburger - Combo,5.29
Hardee's,1/4 lb. Little Thickburger,3.19
Hardee's,1/4 lb. Little Thickburger - Combo,5.69
Hardee's,Beer-Battered COD Fish Sandwich,3.69
Hardee's,Beer-Battered COD Fish Sandwich - Combo,5.89
Hardee's,Charbroiled Chicken Club,5.29
Hardee's,Charbroiled Chicken Club - Combo,7.79
Hardee's,Big Hot Ham 'n' Cheese,4.39
Hardee's,Big Hot Ham 'n' Cheese - Combo,6.89
Hardee's,1/3 lb. Tex Mex Thickburger (Limited Time),6.29
Hardee's,1/3 lb. Tex Mex Thickburger - Combo (Limited Time),8.79
Hardee's,1/2 lb. Tex Mex Thickburger (Limited Time),7.49
Hardee's,1/2 lb. Tex Mex Thickburger - Combo (Limited Time),9.99
Hardee's,Single All-Natural Burger,4.99
Hardee's,Single All-Natural Burger - Combo,7.49
Hardee's,Double All-Natural Burger,7.99
Hardee's,Double All-Natural Burger - Combo,10.49
Hardee's,Upgrade to Medium Combo,0.59
Hardee's,Upgrade to Large Combo,0.99
Hardee's,Hand-Breaded Chicken Tenders,3.99
Hardee's,Hand-Breaded Chicken Tenders - Combo,6.49
Hardee's,Hand-Breaded Chicken Tenders,5.79
Hardee's,Hand-Breaded Chicken Tenders - Combo,8.29
Hardee's,Hand-Breaded Chicken Tenders Box,10.49
Hardee's,Hand-Breaded Chicken Tenders Box,14.99
Hardee's,Hand-Breaded Chicken Tenders Box,18.99
Hardee's,Big Chicken Fillet Sandwich,4.59
Hardee's,Big Chicken Fillet Sandwich - Combo,7.09
Hardee's,Small Hamburger,1.49
Hardee's,Small Cheeseburger,1.79
Hardee's,Double Cheeseburger,2.49
Hardee's,BBQ Chicken Sandwich,4.79
Hardee's,Side Salad,1.69
Hardee's,Low Carb,4.59
Hardee's,Apple Turnover,0.99
Hardee's,Cookie,0.89
Hardee's,French Fries,1.79
Hardee's,French Fries,1.99
Hardee's,French Fries,2.19
Hardee's,Crispy Curls,1.79
Hardee's,Crispy Curls,1.99
Hardee's,Crispy Curls,2.19
Hardee's,Beer Battered Onion Rings,2.19
Hardee's,Jalapeno Poppers (Limited Time),2.69
Hardee's,Chocolate Chip Cookie,0.89
Hardee's,Beverages,1.69
Hardee's,Beverages,1.89
Hardee's,Beverages,2.19
Hardee's,Orange Juice,1.69
Hardee's,Colombian Coffee,1.29
Hardee's,Colombian Coffee,1.59
Hardee's,Colombian Coffee,1.79
Hardee's,Milk,1.29
Hardee's,"Ice Cream Shakes & Malts (Chocolate, Vanilla, or Strawberry)",3.29
Hardee's,Dasani Water,1.69
Hardee's,Make It Combo,2.5
Hardee's,Chicken Bowl,3.99
Hardee's,Red Chicken Burrito,5.29
Hardee's,Red Beef Burrito,5.29
Hardee's,Chicken Grilled Burrito,3.99
Hardee's,Beef Grilled Burrito,3.99
Hardee's,"Bean, Rice & Cheese Burrito",2.39
Hardee's,Beef Taco,1.19
Hardee's,Chicken Soft Taco,1.69
Hardee's,Southwest Chicken Taco,1.99
Hardee's,Beef Taco,5.49
Hardee's,Quesadilla (Cheese),1.99
Hardee's,Quesadilla (Chicken),2.99
Hardee's,Super Nachos (Beef or Chicken),3.29
Hardee's,Taco Salad (Beef or Chicken),1.89
Hardee's,Taco Salad (Beef or Chicken),5.79
Hardee's,Chicken Taquitos,2.99
Hardee's,Chicken Taquitos,3.99
Hardee's,Beans or Rice,0.99
Hardee's,Chips & Salsa,1.99
Hardee's,Sour Cream,0.25
Hardee's,Small Cheeseburger,5.55
Hardee's,Double Cheeseburger,5.55
Hardee's,Spicy Chicken Sandwich,5.55
Hardee's,Hot Ham 'N' Cheese,5.55
Hardee's,Loaded Omelet Biscuit,2.99
Hardee's,Loaded Omelet Biscuit - Combo,4.99
Hardee's,Bacon Egg & Cheese,2.79
Hardee's,Bacon Egg & Cheese -Combo,4.79
Hardee's,Sausage & Egg,2.69
Hardee's,Sausage & Egg - Combo,4.69
Hardee's,Monster Biscuit,3.99
Hardee's,Monster Biscuit - Combo,5.99
Hardee's,Biscuit 'N' Gravy,2.19
Hardee's,Biscuit 'N' Gravy - Combo,4.19
Hardee's,Country-Fried Steak Biscuit,2.79
Hardee's,Country-Fried Steak Biscuit - Combo,4.49
Hardee's,Chicken Fillet,3.59
Hardee's,Chicken Fillet - Combo,5.59
Hardee's,Loaded Breakfast Burrito,3.49
Hardee's,Loaded Breakfast Burrito - Combo,5.19
Hardee's,Sunrise Croissant,2.99
Hardee's,Sunrise Croissant - Combo,4.99
Hardee's,Frisco Breakfast Sandwich,3.49
Hardee's,Frisco Breakfast Sandwich - Combo,5.49
Hardee's,Cinnamon Swirl French Toast Breakfast Sandwich (Limited Time),3.49
Hardee's,Cinnamon Swirl French Toast Breakfast Sandwich - Combo (Limited Time),5.49
Hardee's,Bacon Swiss Chicken Biscuit (Limited Time),3.79
Hardee's,Bacon Swiss Chicken Biscuit - Combo (Limited Time),5.79
Hardee's,Bacon Swiss Chicken & Egg Biscuit (Limited Time),4.29
Hardee's,Bacon Swiss Chicken & Egg Biscuit - Combo (Limited Time),6.29
Hardee's,"Grilled Pork Chop, Egg & Cheese Biscuit (Limited Time)",3.99
Hardee's,"Grilled Pork Chop, Egg & Cheese Biscuit - Combo (Limited Time)",5.69
Hardee's,Hardee Breakfast Platter,3.89
Hardee's,Sausage Biscuit,1.99
Hardee's,Sausage Biscuit,2.49
Hardee's,Cinnamon 'N' Raisin Biscuit,1.29
Hardee's,Cinnamon 'N' Raisin Biscuit,2.09
Hardee's,Cinnamon 'N' Raisin Biscuit,4.99
Hardee's,Hash Rounds,1.39
Hardee's,Hash Rounds,1.59
Hardee's,Hash Rounds,1.99
Hardee's,Sausage & Egg Biscuits (Limited Time),3.5
Hardee's,Sunrise Croissant Sandwiches (Limited Time),4
Carl's,1/3 lb. Cheeseburger,4.19
Carl's,1/3 lb. Cheeseburger - Combo,6.69
Carl's,1/2 lb. Cheeseburger,5.49
Carl's,1/2 lb. Cheeseburger - Combo,7.99
Carl's,1/3 lb. Original Thickburger,4.59
Carl's,1/3 lb. Original Thickburger - Combo,7.09
Carl's,1/2 lb. Original Thickburger,5.79
Carl's,1/2 lb. Original Thickburger - Combo,8.69
Carl's,1/3 lb. Mushroom & Swiss Thickburger,4.79
Carl's,1/3 lb. Mushroom & Swiss Thickburger - Combo,7.29
Carl's,1/2 lb. Mushroom & Swiss Thickburger,6.19
Carl's,1/2 lb. Mushroom & Swiss Thickburger - Combo,8.69
Carl's,1/3 lb. Bacon Cheese Thickburger,5.29
Carl's,1/3 lb. Bacon Cheese Thickburger - Combo,7.79
Carl's,1/2 lb. Bacon Cheese Thickburger,6.59
Carl's,1/2 lb. Bacon Cheese Thickburger - Combo,9.09
Carl's,1/3 lb. Frisco Thickburger,5.29
Carl's,1/3 lb. Frisco Thickburger - Combo,7.79
Carl's,1/2 lb. Frisco Thickburger,6.29
Carl's,1/2 lb. Frisco Thickburger - Combo,8.79
Carl's,2/3 lb. Monster Thickburger,7.29
Carl's,2/3 lb. Monster Thickburger - Combo,9.79
Carl's,1/4 lb. Little Thick Cheeseburger,2.79
Carl's,1/4 lb. Little Thick Cheeseburger - Combo,5.29
Carl's,1/4 lb. Little Thickburger,3.19
Carl's,1/4 lb. Little Thickburger - Combo,5.69
Carl's,Beer-Battered COD Fish Sandwich,3.69
Carl's,Beer-Battered COD Fish Sandwich - Combo,5.89
Carl's,Charbroiled Chicken Club,5.29
Carl's,Charbroiled Chicken Club - Combo,7.79
Carl's,Big Hot Ham 'n' Cheese,4.39
Carl's,Big Hot Ham 'n' Cheese - Combo,6.89
Carl's,1/3 lb. Tex Mex Thickburger (Limited Time),6.29
Carl's,1/3 lb. Tex Mex Thickburger - Combo (Limited Time),8.79
Carl's,1/2 lb. Tex Mex Thickburger (Limited Time),7.49
Carl's,1/2 lb. Tex Mex Thickburger - Combo (Limited Time),9.99
Carl's,Single All-Natural Burger,4.99
Carl's,Single All-Natural Burger - Combo,7.49
Carl's,Double All-Natural Burger,7.99
Carl's,Double All-Natural Burger - Combo,10.49
Carl's,Upgrade to Medium Combo,0.59
Carl's,Upgrade to Large Combo,0.99
Carl's,Hand-Breaded Chicken Tenders,3.99
Carl's,Hand-Breaded Chicken Tenders - Combo,6.49
Carl's,Hand-Breaded Chicken Tenders,5.79
Carl's,Hand-Breaded Chicken Tenders - Combo,8.29
Carl's,Hand-Breaded Chicken Tenders Box,10.49
Carl's,Hand-Breaded Chicken Tenders Box,14.99
Carl's,Hand-Breaded Chicken Tenders Box,18.99
Carl's,Big Chicken Fillet Sandwich,4.59
Carl's,Big Chicken Fillet Sandwich - Combo,7.09
Carl's,Small Hamburger,1.49
Carl's,Small Cheeseburger,1.79
Carl's,Double Cheeseburger,2.49
Carl's,BBQ Chicken Sandwich,4.79
Carl's,Side Salad,1.69
Carl's,Low Carb,4.59
Carl's,Apple Turnover,0.99
Carl's,Cookie,0.89
Carl's,French Fries,1.79
Carl's,French Fries,1.99
Carl's,French Fries,2.19
Carl's,Crispy Curls,1.79
Carl's,Crispy Curls,1.99
Carl's,Crispy Curls,2.19
Carl's,Beer Battered Onion Rings,2.19
Carl's,Jalapeno Poppers (Limited Time),2.69
Carl's,Chocolate Chip Cookie,0.89
Carl's,Beverages,1.69
Carl's,Beverages,1.89
Carl's,Beverages,2.19
Carl's,Orange Juice,1.69
Carl's,Colombian Coffee,1.29
Carl's,Colombian Coffee,1.59
Carl's,Colombian Coffee,1.79
Carl's,Milk,1.29
Carl's,"Ice Cream Shakes & Malts (Chocolate, Vanilla, or Strawberry)",3.29
Carl's,Dasani Water,1.69
Carl's,Make It Combo,2.5
Carl's,Chicken Bowl,3.99
Carl's,Red Chicken Burrito,5.29
Carl's,Red Beef Burrito,5.29
Carl's,Chicken Grilled Burrito,3.99
Carl's,Beef Grilled Burrito,3.99
Carl's,"Bean, Rice & Cheese Burrito",2.39
Carl's,Beef Taco,1.19
Carl's,Chicken Soft Taco,1.69
Carl's,Southwest Chicken Taco,1.99
Carl's,Beef Taco,5.49
Carl's,Quesadilla (Cheese),1.99
Carl's,Quesadilla (Chicken),2.99
Carl's,Super Nachos (Beef or Chicken),3.29
Carl's,Taco Salad (Beef or Chicken),1.89
Carl's,Taco Salad (Beef or Chicken),5.79
Carl's,Chicken Taquitos,2.99
Carl's,Chicken Taquitos,3.99
Carl's,Beans or Rice,0.99
Carl's,Chips & Salsa,1.99
Carl's,Sour Cream,0.25
Carl's,Small Cheeseburger,5.55
Carl's,Double Cheeseburger,5.55
Carl's,Spicy Chicken Sandwich,5.55
Carl's,Hot Ham 'N' Cheese,5.55
Carl's,Loaded Omelet Biscuit,2.99
Carl's,Loaded Omelet Biscuit - Combo,4.99
Carl's,Bacon Egg & Cheese,2.79
Carl's,Bacon Egg & Cheese -Combo,4.79
Carl's,Sausage & Egg,2.69
Carl's,Sausage & Egg - Combo,4.69
Carl's,Monster Biscuit,3.99
Carl's,Monster Biscuit - Combo,5.99
Carl's,Biscuit 'N' Gravy,2.19
Carl's,Biscuit 'N' Gravy - Combo,4.19
Carl's,Country-Fried Steak Biscuit,2.79
Carl's,Country-Fried Steak Biscuit - Combo,4.49
Carl's,Chicken Fillet,3.59
Carl's,Chicken Fillet - Combo,5.59
Carl's,Loaded Breakfast Burrito,3.49
Carl's,Loaded Breakfast Burrito - Combo,5.19
Carl's,Sunrise Croissant,2.99
Carl's,Sunrise Croissant - Combo,4.99
Carl's,Frisco Breakfast Sandwich,3.49
Carl's,Frisco Breakfast Sandwich - Combo,5.49
Carl's,Cinnamon Swirl French Toast Breakfast Sandwich (Limited Time),3.49
Carl's,Cinnamon Swirl French Toast Breakfast Sandwich - Combo (Limited Time),5.49
Carl's,Bacon Swiss Chicken Biscuit (Limited Time),3.79
Carl's,Bacon Swiss Chicken Biscuit - Combo (Limited Time),5.79
Carl's,Bacon Swiss Chicken & Egg Biscuit (Limited Time),4.29
Carl's,Bacon Swiss Chicken & Egg Biscuit - Combo (Limited Time),6.29
Carl's,"Grilled Pork Chop, Egg & Cheese Biscuit (Limited Time)",3.99
Carl's,"Grilled Pork Chop, Egg & Cheese Biscuit - Combo (Limited Time)",5.69
Carl's,Hardee Breakfast Platter,3.89
Carl's,Sausage Biscuit,1.99
Carl's,Sausage Biscuit,2.49
Carl's,Cinnamon 'N' Raisin Biscuit,1.29
Carl's,Cinnamon 'N' Raisin Biscuit,2.09
Carl's,Cinnamon 'N' Raisin Biscuit,4.99
Carl's,Hash Rounds,1.39
Carl's,Hash Rounds,1.59
Carl's,Hash Rounds,1.99
Carl's,Sausage & Egg Biscuits (Limited Time),3.5
Carl's,Sunrise Croissant Sandwiches (Limited Time),4
In-N-Out,Double-Double Burger,3.45
In-N-Out,Cheeseburger,2.4
In-N-Out,Hamburger,2.1
In-N-Out,French Fries,1.6
In-N-Out,Double-Double Burger,6.7
In-N-Out,Cheeseburger,5.65
In-N-Out,Hamburger,5.35
In-N-Out,Soft Drink,1.5
In-N-Out,Soft Drink,1.65
In-N-Out,Soft Drink,1.85
In-N-Out,Soft Drink,2.05
In-N-Out,Shakes,2.15
In-N-Out,Milk,0.99
In-N-Out,Coffee,1.35
KFC,2 Pc. Chicken - Combo,5.99
KFC,Doublicious Sandwich - Combo,5.99
KFC,Popcorn Nuggets - Combo,5.49
KFC,2 Chicken Littles - Combo,5.29
KFC,Go Large Combo,1.5
KFC,"1 Pc. Basket (Chicken Breast, Coleslaw & Biscuit)",5.49
KFC,"2 Pc. Basket (Drumstick & Thigh, Coleslaw & Biscuit)",5.49
KFC,"8 Pc. Meal (8 Pc. Chicken, Large Mashed Potatoes & Gravy, Large Coleslaw & 4 Biscuits)",21.99
KFC,"3 Pc. Basket (3 Tenders, Coleslaw & Biscuit)",5.49
KFC,"12 Pc. Meal (12 Tenders, Large Mashed Potatoes & Gravy, Large Coleslaw & 4 Biscuits)",21.99
KFC,24 Pc. Tailgate Meal (24 Tenders),29.99
KFC,Chicken Tenders,3.99
KFC,Chicken Tenders,6.99
KFC,Chicken Tenders,12.99
KFC,Chicken Tenders - Combo,5.99
KFC,Popcorn Nuggets,3.99
KFC,"Drumstick, 1 Chicken Little, 1 Tender, or Popcorn Nuggets, and Individual Side, and Applesauce, or Small Drink",3.99
KFC,8 Pc. Meal with 2 Large Sides & 4 Biscuits,21.99
KFC,8 Pc. Chicken Only,14.99
KFC,12 Pc. Meal with 3 Large Sides & 6 Biscuits,29.99
KFC,12 Pc. Chicken Only,20.49
KFC,16 Pc. Meal with 4 Large Sides & 8 Biscuits,36.99
KFC,16 Pc. Chicken Only,24.99
KFC,"Tenders & Wedges for 2 (6 Pc. Tenders, Large Wedges & 2 Sauces)",9.99
KFC,"Tenders Meal (12 Pc. Tenders, 2 Large Sides, 4 Biscuits & 6 Sauces)",19.99
KFC,Mashed Potatoes,1.99
KFC,Mashed Potatoes,3.79
KFC,Potato Wedges,1.99
KFC,Potato Wedges,3.79
KFC,Baked Beans,1.99
KFC,Baked Beans,3.79
KFC,Cole Slaw,1.99
KFC,Cole Slaw,3.79
KFC,Sweet Kernel Corn,1.99
KFC,Sweet Kernel Corn,3.79
KFC,Green Beans,1.99
KFC,Green Beans,3.79
KFC,Mac & Cheese,1.99
KFC,Mac & Cheese,3.79
KFC,2 Biscuits,1.49
KFC,3 Hot Wings,2.29
KFC,1 Chicken Little,1.49
KFC,Go Cup - Popcorn Nuggets & Wedges,2.79
KFC,Go Cup - Chicken Little & Wedges,2.79
KFC,Go Cup - 2 Tenders & Wedges,2.79
KFC,Go Cup - 3 Hot Wings & Wedges,2.79
KFC,Soft Drink,1.69
KFC,Soft Drink,1.99
KFC,Aquafina Water,1.69
KFC,Iced Tea,2.49
KFC,Lemonade,1.99
KFC,Lemonade,3.49
KFC,Strawberry Lemonade,2.29
KFC,Strawberry Lemonade,3.99
KFC,"Family Meal - 8 Pc. Chicken, 2 Large Mashed Potatoes, Large Gravy, Large Coleslaw & 4 Biscuits",20
KFC,"2 Pc. Drum & Thigh, Mashed Potatoes with Gravy, Biscuit, Medium Drink & Chocolate Chip Cookie",5
KFC,"3 Pc. Tenders, Mashed Potatoes with Gravy, Biscuit, Medium Drink & Chocolate Chip Cookie",5
KFC,"Chicken Breast, Mashed Potatoes with Gravy, Biscuit, Medium Drink & Chocolate Chip Cookie",5
KFC,"Famous Bowl, Medium Drink & Chocolate Chip Cookie",5
KFC,"Pot Pie, Medium Drink & Chocolate Chip Cookie",5
KFC,3 Pc. Chicken Box,7.99
KFC,2 Pc. Chicken & Popcorn Box,7.99
KFC,3 Tenders & Popcorn Box,7.99
KFC,Chocolate Chip Cake,3.99
KFC,Cookies,1.29
KFC,Cookies,4.49
McDonald's,Big Mac,3.99
McDonald's,Big Mac - Meal,5.99
McDonald's,2 Cheeseburgers,2
McDonald's,2 Cheeseburgers - Meal,4.89
McDonald's,Quarter Pounder with Cheese,3.79
McDonald's,Quarter Pounder with Cheese - Meal,5.79
McDonald's,Double Quarter Pounder with Cheese,4.79
McDonald's,Double Quarter Pounder with Cheese - Meal,6.69
McDonald's,Bacon Clubhouse Burger,4.49
McDonald's,Bacon Clubhouse Burger - Meal,6.49
McDonald's,Buttermilk Crispy Chicken,4.39
McDonald's,Buttermilk Crispy Chicken - Meal,6.39
McDonald's,Artisan Grilled Chicken,4.39
McDonald's,Artisan Grilled Chicken - Meal,6.39
McDonald's,Premium McWrap Chicken & Bacon (Grilled or Crispy),4.39
McDonald's,Premium McWrap Chicken & Bacon (Grilled or Crispy) - Meal,6.39
McDonald's,Premium McWrap Chicken & Ranch (Grilled or Crispy),4.39
McDonald's,Premium McWrap Chicken & Ranch (Grilled or Crispy) - Meal,6.39
McDonald's,Premium McWrap Sweet Chili Chicken (Grilled or Crispy),4.39
McDonald's,Premium McWrap Sweet Chili Chicken (Grilled or Crispy) - Meal,6.39
McDonald's,Filet-O-Fish,3.79
McDonald's,Filet-O-Fish - Meal,5.79
McDonald's,Double Filet-O-Fish,4.79
McDonald's,Double Filet-O-Fish - Meal,6.79
McDonald's,Premium Chicken Bacon Clubhouse (Grilled or Crispy),4.49
McDonald's,Premium Chicken Bacon Clubhouse (Grilled or Crispy) - Meal,6.49
McDonald's,Chicken McNuggets,4.49
McDonald's,Chicken McNuggets - Meal,6.49
McDonald's,Chicken McNuggets,5
McDonald's,Chicken McNuggets,8.99
McDonald's,Southwest Salad,4.79
McDonald's,Bacon Ranch Salad,4.59
McDonald's,Entree (McDouble or McChicken) & Side (Small Fries or 3 Pc. Mozzarella Sticks),2
McDonald's,Chicken Ranch Snack Wrap (Grilled or Crispy),1.69
McDonald's,French Fries,1.39
McDonald's,French Fries,1.79
McDonald's,French Fries,1.89
McDonald's,Mozzarella Sticks,1.19
McDonald's,Grilled Onion Cheddar Burger,1
McDonald's,McDouble,1.39
McDonald's,McChicken,1.29
McDonald's,BBQ Ranch Burger,1
McDonald's,Cheeseburger,1
McDonald's,Double Cheeseburger,1.69
McDonald's,Daily Double,1.99
McDonald's,Bacon McDouble,2
McDonald's,4 Pc. Chicken McNuggets,1.99
McDonald's,20 Pc. Chicken McNuggets,5
McDonald's,Parfait,1
McDonald's,Side Salad,1.59
McDonald's,3 Cookies,1
McDonald's,Cone,1
McDonald's,Apple Slices,1
McDonald's,Sausage Burrito,1.29
McDonald's,Sausage McMuffin,1.19
McDonald's,Sausage Biscuit,1.19
McDonald's,Hash Browns,1.09
McDonald's,Egg & Cheese Biscuit,1.39
McDonald's,Cinnamon Melt,1.69
McDonald's,"Smoothie (Mango Pineapple, Strawberry Banana, or Blueberry Pomegranate)",2.39
McDonald's,"Smoothie (Mango Pineapple, Strawberry Banana, or Blueberry Pomegranate)",2.89
McDonald's,"Smoothie (Mango Pineapple, Strawberry Banana, or Blueberry Pomegranate)",3.39
McDonald's,"Frappe (Mocha, Caramel, or Chocolate Chip)",2.39
McDonald's,"Frappe (Mocha, Caramel, or Chocolate Chip)",2.89
McDonald's,"Frappe (Mocha, Caramel, or Chocolate Chip)",3.39
McDonald's,"Espresso & Chocolate (Mocha, Caramel Mocha, Iced Mocha, Iced Caramel Mocha, Latte, Hot Chocolate, White Chocolate Mocha or White Hot Chocolate)",2.39
McDonald's,"Espresso & Chocolate (Mocha, Caramel Mocha, Iced Mocha, Iced Caramel Mocha, Latte, Hot Chocolate, White Chocolate Mocha or White Hot Chocolate)",2.89
McDonald's,"Espresso & Chocolate (Mocha, Caramel Mocha, Iced Mocha, Iced Caramel Mocha, Latte, Hot Chocolate, White Chocolate Mocha or White Hot Chocolate)",3.39
McDonald's,Premium Roast Coffee,1
McDonald's,Premium Roast Coffee,1.29
McDonald's,Premium Roast Coffee,1.49
McDonald's,Iced Coffee,1.39
McDonald's,Iced Coffee,1.79
McDonald's,Iced Coffee,1.99
McDonald's,Sweet Tea,1
McDonald's,Sweet Tea,1.29
McDonald's,Sweet Tea,1.49
McDonald's,Soft Drink,1
McDonald's,Soft Drink,1.29
McDonald's,Soft Drink,1.49
McDonald's,Orange Juice,1.59
McDonald's,Orange Juice,1.89
McDonald's,Orange Juice,2.09
McDonald's,Milk,1
McDonald's,Dasani Water,1
McDonald's,"Shake (Chocolate, Vanilla, or Strawberry)",2.19
McDonald's,"Shake (Chocolate, Vanilla, or Strawberry)",2.59
McDonald's,"Shake (Chocolate, Vanilla, or Strawberry)",2.99
McDonald's,Shamrock Shake (Limited Time),2.19
McDonald's,Shamrock Shake (Limited Time),2.59
McDonald's,Shamrock Shake (Limited Time),2.99
McDonald's,Sundae (Hot Fudge or Caramel),1.29
McDonald's,Apple Pie,0.99
McDonald's,Cone (Vanilla),1
McDonald's,McFlurry,1.79
McDonald's,McFlurry,2.39
McDonald's,Soft Baked Chocolate Chip Cookie,0.39
McDonald's,Soft Baked Chocolate Chip Cookie,1
McDonald's,Strawberry & Creme Pie (Limited Time),0.99
McDonald's,Chicken McNuggets,3.29
McDonald's,Hamburger,2.49
McDonald's,Cheeseburger,2.79
McDonald's,Chicken McNuggets,3.29
McDonald's,Hamburger,2.49
McDonald's,Cheeseburger,2.79
McDonald's,Egg White Delight McMuffin,2.79
McDonald's,Egg White Delight McMuffin - Meal,3.99
McDonald's,Egg McMuffin,2.79
McDonald's,Egg McMuffin - Meal,3.99
McDonald's,Sausage McMuffin with Egg,2.99
McDonald's,Sausage McMuffin with Egg - Meal,4.19
McDonald's,"Bacon, Egg & Cheese Biscuit",3.19
McDonald's,"Bacon, Egg & Cheese Biscuit - Meal",4.39
McDonald's,Sausage Biscuit with Egg,2.79
McDonald's,Sausage Biscuit with Egg - Meal,3.99
McDonald's,Sausage Gravy & Biscuit,2.89
McDonald's,Sausage Gravy & Biscuit - Meal,4.89
McDonald's,"Bacon, Egg & Cheese McGriddles",3.29
McDonald's,"Bacon, Egg & Cheese McGriddles - Meal",4.49
McDonald's,"Sausage, Egg & Cheese McGriddles",3.29
McDonald's,"Sausage, Egg & Cheese McGriddles - Meal",4.49
McDonald's,Sausage McGriddles,2.79
McDonald's,Sausage McGriddles - Meal,4.49
McDonald's,"Bacon, Egg & Cheese Bagel",3.29
McDonald's,"Bacon, Egg & Cheese Bagel - Meal",4.99
McDonald's,"Steak, Egg & Cheese Bagel",3.99
McDonald's,"Steak, Egg & Cheese Bagel - Meal",5.19
McDonald's,2 Sausage Burritos,2.39
McDonald's,2 Sausage Burritos - Meal,4.29
McDonald's,Big Breakfast with Hot Cakes,5.49
McDonald's,Big Breakfast,3.69
McDonald's,Sausage Gravy & Biscuit,2.99
McDonald's,3 Hot Cakes with Sausage,3.19
McDonald's,3 Hot Cakes,2.49
McDonald's,Big Breakfast with Hot Cakes,5.49
McDonald's,Big Breakfast,3.69
McDonald's,Sausage Gravy & Biscuit,2.99
McDonald's,3 Hot Cakes with Sausage,3.19
McDonald's,3 Hot Cakes,2.49
Papa John's,Cheese (Original),13
Papa John's,Cheese (Original),15
Papa John's,Cheese (Original),17
Papa John's,Cheese (Thin),15
Papa John's,John's Favorite (Original),16
Papa John's,John's Favorite (Original),18
Papa John's,John's Favorite (Original),20
Papa John's,John's Favorite (Thin),18
Papa John's,Pepperoni (Original),13
Papa John's,Pepperoni (Original),15
Papa John's,Pepperoni (Original),17
Papa John's,Pepperoni (Thin),15
Papa John's,Sausage (Original),13
Papa John's,Sausage (Original),15
Papa John's,Sausage (Original),17
Papa John's,Sausage (Thin),15
Papa John's,The Works (Original),16
Papa John's,The Works (Original),18
Papa John's,The Works (Original),20
Papa John's,The Works (Thin),18
Papa John's,The Meats (Original),16
Papa John's,The Meats (Original),18
Papa John's,The Meats (Original),20
Papa John's,The Meats (Thin),18
Papa John's,Bacon Cheeseburger (Original),16
Papa John's,Bacon Cheeseburger (Original),18
Papa John's,Bacon Cheeseburger (Original),20
Papa John's,Bacon Cheeseburger (Thin),18
Papa John's,Mushroom Swiss Burger (original),16
Papa John's,Mushroom Swiss Burger (original),18
Papa John's,Mushroom Swiss Burger (original),20
Papa John's,Mushroom Swiss Burger (Thin),18
Papa John's,Chicken Parmesan (original),16
Papa John's,Chicken Parmesan (original),18
Papa John's,Chicken Parmesan (original),20
Papa John's,Chicken Parmesan (Thin),18
Papa John's,The Big Bonanza (original),16
Papa John's,The Big Bonanza (original),18
Papa John's,The Big Bonanza (original),20
Papa John's,The Big Bonanza (Thin),18
Papa John's,Garden Fresh (Original),16
Papa John's,Garden Fresh (Original),18
Papa John's,Garden Fresh (Original),20
Papa John's,Garden Fresh (Thin),18
Papa John's,Spicy Italian (Original),16
Papa John's,Spicy Italian (Original),18
Papa John's,Spicy Italian (Original),20
Papa John's,Spicy Italian (Thin),18
Papa John's,Spinach Alfredo (Original),16
Papa John's,Spinach Alfredo (Original),18
Papa John's,Spinach Alfredo (Original),20
Papa John's,Spinach Alfredo (Thin),18
Papa John's,BBQ Chicken Bacon (Original),16
Papa John's,BBQ Chicken Bacon (Original),18
Papa John's,BBQ Chicken Bacon (Original),20
Papa John's,BBQ Chicken Bacon (Thin),18
Papa John's,Hawaiian BBQ Chicken (Original),16
Papa John's,Hawaiian BBQ Chicken (Original),18
Papa John's,Hawaiian BBQ Chicken (Original),20
Papa John's,Hawaiian BBQ Chicken (Thin),18
Papa John's,Tuscan Six Cheese (Original),16
Papa John's,Tuscan Six Cheese (Original),18
Papa John's,Tuscan Six Cheese (Original),20
Papa John's,Tuscan Six Cheese (Thin),18
Papa John's,Mediterranean Veggie (Original),16
Papa John's,Mediterranean Veggie (Original),18
Papa John's,Mediterranean Veggie (Original),20
Papa John's,Mediterranean Veggie (Thin),18
Papa John's,Chicken and Veggie (Original),16
Papa John's,Chicken and Veggie (Original),18
Papa John's,Chicken and Veggie (Original),20
Papa John's,Chicken and Veggie (Thin),18
Papa John's,Grilled Chicken & Canadian Bacon (Original),16
Papa John's,Grilled Chicken & Canadian Bacon (Original),18
Papa John's,Grilled Chicken & Canadian Bacon (Original),20
Papa John's,Grilled Chicken & Canadian Bacon (Thin),18
Papa John's,Tropical Luau (Original),16
Papa John's,Tropical Luau (Original),18
Papa John's,Tropical Luau (Original),20
Papa John's,Tropical Luau (Thin),18
Papa John's,Hawaiian Chicken (Original),16
Papa John's,Hawaiian Chicken (Original),18
Papa John's,Hawaiian Chicken (Original),20
Papa John's,Hawaiian Chicken (Thin),18
Papa John's,Double Bacon 6 Cheese (Original),16
Papa John's,Double Bacon 6 Cheese (Original),18
Papa John's,Double Bacon 6 Cheese (Original),20
Papa John's,Double Bacon 6 Cheese (Thin),18
Papa John's,Grilled Chicken Club (Original),16
Papa John's,Grilled Chicken Club (Original),18
Papa John's,Grilled Chicken Club (Original),20
Papa John's,Grilled Chicken Club (Thin),18
Papa John's,Cheesy Chicken Cordon Bleu (Original),16
Papa John's,Cheesy Chicken Cordon Bleu (Original),18
Papa John's,Cheesy Chicken Cordon Bleu (Original),20
Papa John's,Cheesy Chicken Cordon Bleu (Thin),18
Papa John's,Garlic Knots,6
Papa John's,Breadsticks,6
Papa John's,Parmesan Breadsticks,6
Papa John's,6 Cheese Breadsticks,8
Papa John's,6 Cheese Breadsticks,9
Papa John's,Cheesesticks,7
Papa John's,Cheesesticks,8
Papa John's,Bacon Cheesesticks,8
Papa John's,Bacon Cheesesticks,9
Papa John's,Pepperoni Rolls,6
Papa John's,Chicken Poppers,5
Papa John's,Chicken Poppers,7
Papa John's,Chicken Poppers,14
Papa John's,Chicken Poppers,21
Papa John's,Chicken Poppers,28
Papa John's,Spicy Buffalo Wings,6
Papa John's,Spicy Buffalo Wings,7
Papa John's,Spicy Buffalo Wings,14
Papa John's,BBQ Wings,6
Papa John's,BBQ Wings,7
Papa John's,BBQ Wings,14
Papa John's,Honey Chipotle Wings,6
Papa John's,Honey Chipotle Wings,7
Papa John's,Honey Chipotle Wings,14
Papa John's,Unsauced Wings,6
Papa John's,Unsauced Wings,7
Papa John's,Unsauced Wings,14
Papa John's,Pepsi,1.8
Papa John's,Pepsi,2.9
Papa John's,Diet Pepsi,1.8
Papa John's,Diet Pepsi,2.9
Papa John's,Mountain Dew,1.8
Papa John's,Mountain Dew,2.9
Papa John's,Dr. Pepper,1.8
Papa John's,Dr. Pepper,2.9
Papa John's,Orange Crush,1.8
Papa John's,Orange Crush,2.9
Papa John's,Sierra Mist,1.8
Papa John's,Sierra Mist,2.9
Papa John's,Aquafina,1.8
Starbucks,Caffe Latte,2.95
Starbucks,Caffe Latte,3.65
Starbucks,Caffe Latte,4.15
Starbucks,Caffe Mocha,3.45
Starbucks,Caffe Mocha,4.15
Starbucks,Caffe Mocha,4.65
Starbucks,White Chocolate Mocha,3.75
Starbucks,White Chocolate Mocha,4.45
Starbucks,White Chocolate Mocha,4.75
Starbucks,Freshly Brewed Coffee,1.85
Starbucks,Freshly Brewed Coffee,2.1
Starbucks,Freshly Brewed Coffee,2.45
Starbucks,Cinnamon Dolce Latte,3.65
Starbucks,Cinnamon Dolce Latte,4.25
Starbucks,Cinnamon Dolce Latte,4.65
Starbucks,Skinny Vanilla Latte,3.45
Starbucks,Skinny Vanilla Latte,4.15
Starbucks,Skinny Vanilla Latte,4.65
Starbucks,Caramel Macchiato,3.75
Starbucks,Caramel Macchiato,4.45
Starbucks,Caramel Macchiato,4.75
Starbucks,Caramel Flan Latte,3.75
Starbucks,Caramel Flan Latte,4.55
Starbucks,Caramel Flan Latte,4.75
Starbucks,Teavana Oprah Cinnamon Chai Tea Latte,3.65
Starbucks,Teavana Oprah Cinnamon Chai Tea Latte,4.25
Starbucks,Teavana Oprah Cinnamon Chai Tea Latte,4.65
Starbucks,Flat White,3.75
Starbucks,Skinny Peppermint Mocha,3.95
Starbucks,Skinny Peppermint Mocha,4.65
Starbucks,Skinny Peppermint Mocha,4.95
Starbucks,Pumpkin Spice Latte (Limited Time),4.25
Starbucks,Pumpkin Spice Latte (Limited Time),4.95
Starbucks,Pumpkin Spice Latte (Limited Time),5.25
Starbucks,Salted Caramel Mocha (Limited Time),4.25
Starbucks,Salted Caramel Mocha (Limited Time),4.95
Starbucks,Salted Caramel Mocha (Limited Time),5.25
Starbucks,Toasted Graham Latte (Limited Time),4.25
Starbucks,Toasted Graham Latte (Limited Time),4.95
Starbucks,Toasted Graham Latte (Limited Time),5.25
Starbucks,Iced Coffee (with or without Milk),2.25
Starbucks,Iced Coffee (with or without Milk),2.65
Starbucks,Iced Coffee (with or without Milk),2.95
Starbucks,Iced Coffee (with or without Milk),3.45
Starbucks,Caramel Frappuccino,3.75
Starbucks,Caramel Frappuccino,3.95
Starbucks,Caramel Frappuccino,4.45
Starbucks,Caramel Frappuccino,4.95
Starbucks,Mocha Frappuccino,3.75
Starbucks,Mocha Frappuccino,3.95
Starbucks,Mocha Frappuccino,4.45
Starbucks,Mocha Frappuccino,4.95
Starbucks,Strawberries & Creme Frappuccino,3.75
Starbucks,Strawberries & Creme Frappuccino,3.95
Starbucks,Strawberries & Creme Frappuccino,4.45
Starbucks,Strawberries & Creme Frappuccino,4.95
Starbucks,Coffee Frappuccino,2.95
Starbucks,Coffee Frappuccino,3.25
Starbucks,Coffee Frappuccino,3.95
Starbucks,Coffee Frappuccino,4.45
Starbucks,Vanilla Bean Crme Frappuccino,2.95
Starbucks,Vanilla Bean Crme Frappuccino,3.25
Starbucks,Vanilla Bean Crme Frappuccino,3.95
Starbucks,Vanilla Bean Crme Frappuccino,4.45
Starbucks,Iced Caramel Macchiato,3.75
Starbucks,Iced Caramel Macchiato,4.45
Starbucks,Iced Caramel Macchiato,4.95
Starbucks,Salted Caramel Mocha Frappuccino (Limited Time),4.25
Starbucks,Salted Caramel Mocha Frappuccino (Limited Time),4.95
Starbucks,Salted Caramel Mocha Frappuccino (Limited Time),5.25
Starbucks,Cool Lime or Very Berry Starbucks Refreshers,2.95
Starbucks,Cool Lime or Very Berry Starbucks Refreshers,3.45
Starbucks,Cool Lime or Very Berry Starbucks Refreshers,3.95
Starbucks,Cool Lime or Very Berry Starbucks Refreshers,4.45
Starbucks,Teavana Shaken Iced Tea,1.75
Starbucks,Teavana Shaken Iced Tea,2.25
Starbucks,Teavana Shaken Iced Tea,2.65
Starbucks,Teavana Shaken Iced Tea,2.95
Starbucks,Teavana Shaken Iced Peach Green Tea Lemonade,2.75
Starbucks,Teavana Shaken Iced Peach Green Tea Lemonade,3.25
Starbucks,Teavana Shaken Iced Peach Green Tea Lemonade,3.75
Starbucks,Teavana Shaken Iced Peach Green Tea Lemonade,4.25
Starbucks,Teavana Shaken Iced Black Tea Lemonade,2.45
Starbucks,Teavana Shaken Iced Black Tea Lemonade,2.95
Starbucks,Teavana Shaken Iced Black Tea Lemonade,3.45
Starbucks,Teavana Shaken Iced Black Tea Lemonade,3.95
Starbucks,Evolution Fresh,5.95
Starbucks,Ham & Cheese Savory Foldover,3.45
Starbucks,Wheat Spinach Savory Foldover,3.45
Starbucks,Pepperoni & Tomato Savory Foldover,3.45
Starbucks,Cheese Danish,2.45
Starbucks,Butter Croissant,2.45
Starbucks,Chocolate Croissant,2.75
Starbucks,Blueberry Scone,2.45
Starbucks,Banana Nut Bread,2.75
Starbucks,Iced Lemon Pound Cake,2.45
Starbucks,Morning Bun,2.45
Starbucks,Chocolate Chip Cookie,1.95
Starbucks,Double Chocolate Chunk Brownie,2.35
Starbucks,Pumpkin Scone (Limited Time),2.95
Starbucks,Pumpkin Cream Cheese Muffin (Limited Time),2.95
Starbucks,Washington Apple Pound Cake (Limited Time),2.95
Starbucks,Hearty Blueberry Oatmeal,3.45
Starbucks,Bacon & Gouda Breakfast Sandwich,3.75
Starbucks,Sausage & Cheddar Breakfast Sandwich,3.45
Starbucks,Spinach & Feta Breakfast Wrap,3.75
Starbucks,Reduced-Fat Turkey Bacon Breakfast Sandwich,3.75
Starbucks,Slow-Roasted Ham & Swiss on Croissant Bun,4.75
Starbucks,"Double-Smoked Bacon, Cheddar & Egg on Croissant Bun (Limited Time)",4.75
Starbucks,Protein Bistro Box,5.25
Starbucks,Cheese & Fruit Bistro Box,4.95
Starbucks,Omega-3 Bistro Box,5.95
Starbucks,PB&J on Wheat Bistro Box,5.25
Starbucks,Turkey Rustico Panini,6.45
Starbucks,Turkey Pesto Panini,6.45
Starbucks,Ham & Swiss Panini,5.95
Starbucks,Chicken Santa Fe Flatbread,5.95
Starbucks,Chicken BLT Salad Deli Sandwich,5.95
Starbucks,Roasted Tomato & Mozzarella Panini,5.55
Starbucks,Chicken Artichoke Panini (Limited Time),6.45
Starbucks,Old-Fashioned Grilled Cheese,5.25
Starbucks,Edamame Hummus Wrap (Limited Time),5.95
Starbucks,Thai-Style Peanut Chicken Wrap (Limited Time),5.95
Starbucks,Salted Caramel or Birthday Cake Pop,1.95
Starbucks,Salted Caramel or Birthday Cake Pop,3.5
Wendy's,Dave's Hot 'n Juicy 1/4 lb. Single with Cheese,4.19
Wendy's,Dave's Hot 'n Juicy 1/4 lb. Single with Cheese - Combo,6.19
Wendy's,Dave's Hot 'n Juicy 1/2 lb.. Double with Cheese,5.19
Wendy's,Dave's Hot 'n Juicy 1/2 lb.. Double with Cheese - Combo,7.19
Wendy's,Dave's Hot 'n Juicy 3/4 lb. Triple with Cheese,6.09
Wendy's,Dave's Hot 'n Juicy 3/4 lb. Triple with Cheese - Combo,8.09
Wendy's,Baconator,6.09
Wendy's,Baconator - Combo,8.09
Wendy's,Son of Baconator,4.69
Wendy's,Son of Baconator - Combo,6.69
Wendy's,Gouda Bacon Cheeseburger (Limited Time),4.99
Wendy's,Gouda Bacon Cheeseburger - Combo (Limited Time),6.99
Wendy's,Upgrade to Medium Combo,0.6
Wendy's,Upgrade to Large Combo,1.1
Wendy's,Spicy Chicken,4.69
Wendy's,Spicy Chicken - Combo,6.69
Wendy's,Homestyle Chicken,4.69
Wendy's,Homestyle Chicken - Combo,6.69
Wendy's,Asiago Ranch Chicken Club,5.49
Wendy's,Asiago Ranch Chicken Club - Combo,7.49
Wendy's,Ultimate Chicken Grill,4.69
Wendy's,Ultimate Chicken Grill - Combo,6.69
Wendy's,10 Pc. Chicken Nuggets - Combo,5.99
Wendy's,Upgrade to Medium Combo,0.6
Wendy's,Upgrade to Large Combo,1.1
Wendy's,Apple Pecan Chicken,4.69
Wendy's,Apple Pecan Chicken,6.69
Wendy's,Asian Cashew Chicken,4.69
Wendy's,Asian Cashew Chicken,6.69
Wendy's,BBQ Ranch Chicken,4.69
Wendy's,BBQ Ranch Chicken,6.69
Wendy's,Spicy Chicken Caesar,4.69
Wendy's,Spicy Chicken Caesar,6.69
Wendy's,Jr. Cheeseburger Deluxe,1.89
Wendy's,Jr. Bacon Cheeseburger,1.99
Wendy's,Double Stack,2.09
Wendy's,6 Pc. Regular or Spicy Chicken Nuggets,1.79
Wendy's,Chicken Go Wrap (Spicy or Grilled),1.79
Wendy's,Caesar or Garden Side Salad,1.49
Wendy's,Chili,2.09
Wendy's,Jr. Cheeseburger,0.99
Wendy's,Crispy Chicken Sandwich,0.99
Wendy's,4 Pc. Regular or Spicy Chicken Nuggets,0.99
Wendy's,Value Natural-Cut Fries,0.99
Wendy's,Value Soft Drink,0.99
Wendy's,Small Frosty,0.99
Wendy's,Bacon & Cheese Baked Potato,2.89
Wendy's,Broccoli & Cheese Baked Potato,2.89
Wendy's,Natural-Cut Fries,1.69
Wendy's,Natural-Cut Fries,1.99
Wendy's,Natural-Cut Fries,2.19
Wendy's,Cheese Fries,2.19
Wendy's,Bacon Fondue Fries (Limited Time),1.99
Wendy's,Sour Cream & Chives Baked Potato,2.79
Wendy's,Rich & Meaty Chili,2.09
Wendy's,Rich & Meaty Chili,2.79
Wendy's,Caesar Side Salad,1.49
Wendy's,Garden Side Salad,1.49
Wendy's,Family Size Chili,9.99
Wendy's,Meal (Limited Time),4
Wendy's,Soft Drink or Freshly Brewed Iced Tea,1.69
Wendy's,Soft Drink or Freshly Brewed Iced Tea,1.89
Wendy's,Soft Drink or Freshly Brewed Iced Tea,2.19
Wendy's,Nestle Bottled Water,1.59
Wendy's,Trumoo Milk 1% Low-Fat (White or Chocolate),1.29
Wendy's,Hot Coffee (Regular or Decaf),0.99
Wendy's,Hot Coffee (Regular or Decaf),1.49
Wendy's,"Iced Coffee (Vanilla, Caramel, Mocha, or Skinny Vanilla)",1.79
Wendy's,"Iced Coffee (Vanilla, Caramel, Mocha, or Skinny Vanilla)",2.49
Wendy's,Premium Hot Tea,0.99
Wendy's,Espresso Chip Bar,1.39
Wendy's,Oatmeal Bar,1.39
Wendy's,Sugar Cookie,1.39
Wendy's,Chocolate Chunk Cookie,1.39
Wendy's,Double Chocolate Chip Cookie,1.39
Wendy's,Classic Frosty (Chocolate or Vanilla),0.99
Wendy's,Classic Frosty (Chocolate or Vanilla),1.99
Wendy's,Classic Frosty (Chocolate or Vanilla),2.29
Wendy's,All-Natural Lemonade,1.99
Wendy's,All-Natural Lemonade,2.29
Wendy's,All-Natural Lemonade,2.69
Wendy's,Strawberry Lemonade,2.29
Wendy's,Strawberry Lemonade,2.69
Wendy's,Strawberry Lemonade,3.19
Wendy's,Honest Tropical Green Tea,1.99
Wendy's,Honest Tropical Green Tea,2.29
Wendy's,Honest Tropical Green Tea,2.69
Wendy's,Grilled Chicken Wrap,3.79
Wendy's,4 Pc. Chicken Nuggets,3.69
Wendy's,Cheeseburger,3.69
Wendy's,Hamburger,3.39
White Castle,The Original Slider,0.72
White Castle,The Original Slider,1.42
White Castle,Cheese Slider,0.9
White Castle,Cheese Slider,1.78
White Castle,Jalapeo Cheese Slider,0.94
White Castle,Jalapeo Cheese Slider,1.86
White Castle,Bacon Cheese Slider,1.24
White Castle,Bacon Cheese Slider,2.46
White Castle,Fish Slider,1.59
White Castle,Chicken Breast Slider,1.59
White Castle,Chicken Ring Slider,1.39
White Castle,Veggie Slider,0.99
White Castle,Chicken & Waffles Slider (Limited Time),2.69
White Castle,Bistro Turkey Slider (Limited Time),1.09
White Castle,Cranberry Turkey Slider (Limited Time),1.19
White Castle,Turkey Dinner Slider (Limited Time),1.59
White Castle,Bacon & Cheddar,1.79
White Castle,Bacon & Cheddar - Combo,6.19
White Castle,Savory Grilled Chicken,1.59
White Castle,Savory Grilled Chicken - Combo,5.79
White Castle,Western BBQ,1.79
White Castle,Western BBQ - Combo,6.19
White Castle,French Fries,1.59
White Castle,French Fries,1.89
White Castle,French Fries,2.69
White Castle,Onion Rings,1.89
White Castle,Onion Rings,2.79
White Castle,Onion Chips,1.89
White Castle,Onion Chips,2.29
White Castle,Onion Chips,2.79
White Castle,Chicken Rings,2.39
White Castle,Chicken Rings,3.49
White Castle,Chicken Rings,6.99
White Castle,Cheese Fries,1.99
White Castle,Loaded Fries,2.99
White Castle,Cheese Sticks,1.89
White Castle,Cheese Sticks,2.99
White Castle,Cheese Sticks,5.69
White Castle,Fish Nibblers,2.99
White Castle,Fish Nibblers,4.99
White Castle,Fish Nibblers,7.99
White Castle,Applesauce,0.99
White Castle,Sweet Potato Waffle Fries (Limited Time),1.69
White Castle,Sweet Potato Waffle Fries (Limited Time),1.99
White Castle,Sweet Potato Waffle Fries (Limited Time),2.79
White Castle,Soft Drink,1.59
White Castle,Soft Drink,1.89
White Castle,Soft Drink,1.99
White Castle,Iced Tea (Unsweetened or Southern Sweet),1.59
White Castle,Iced Tea (Unsweetened or Southern Sweet),1.89
White Castle,Iced Tea (Unsweetened or Southern Sweet),1.99
White Castle,Iced Tea (Unsweetened or Southern Sweet),3.99
White Castle,Shakes (Vanilla or Chocolate),2.59
White Castle,Shakes (Vanilla or Chocolate),2.99
White Castle,Shakes (Vanilla or Chocolate),3.99
White Castle,Coffee,0.99
White Castle,Coffee,1.19
White Castle,Coffee,1.29
White Castle,Coffee Box,8.99
White Castle,Hot Chocolate,1.19
White Castle,Milk or Chocolate Milk,0.99
White Castle,Orange Juice,1.39
White Castle,Apple Juice Box,0.99
White Castle,Water,1.39
White Castle,Vitamin Water or Powerade,1.99
White Castle,Minute Maid,2.39
White Castle,Hi-C Orange,3.99
White Castle,Cranberry Spritzer with Sprite (Limited Time),1.59
White Castle,Peach Fruit Smoothie (Limited Time),2.99
White Castle,Strawberry Banana Smoothie (Limited Time),2.99
White Castle,Fudge-Dipped Brownie,0.99
White Castle,Fudge-Dipped Cheesecake,0.99
White Castle,Gooey Butter Cake,0.99
White Castle,The Original Slider,5.49
White Castle,Double Cheese Slider,5.79
White Castle,Chicken Breast Slider,5.79
White Castle,Fish Slider,5.29
White Castle,6 pc. Chicken Rings,4.99
White Castle,Chicken Ring Slider,4.99
White Castle,"10 Original Sliders, 2 Small French Fries, and 2 Small Soft Drinks",12.29
White Castle,"20 Pc. Sack of Chicken Rings, 10 Original Sliders, and 1 Sack of French Fries",15.79
White Castle,"20 Original Sliders, and 4 Small French Fries",17.99
White Castle,Original Slider,2.59
White Castle,Cheese Slider,2.79
White Castle,Chicken Rings,3.09
White Castle,Grilled Chicken Slider,3.49
White Castle,One Breakfast Slider,3.59
White Castle,Two Breakfast Sliders,4.99
White Castle,One Breakfast Toast Sandwich,3.89
White Castle,Two Breakfast Toast Sandwiches,5.59
White Castle,One Belgian Waffle Slider,4.09
White Castle,The Original Slider with Egg & Cheese,1.59
White Castle,Breakfast Slider with Sausage & Cheese,1.39
White Castle,Breakfast Sliders with Egg & Cheese,1.39
White Castle,"Breakfast Sliders with Bacon, Egg & Cheese",1.59
White Castle,"Breakfast Sliders with Sausage, Egg & Cheese",1.59
White Castle,Breakfast Toast Sandwich with Egg & Cheese,1.79
White Castle,"Breakfast Toast Sandwich with Bacon, Egg & Cheese",1.89
White Castle,"Breakfast Toast Sandwich with Sausage, Egg & Cheese",1.89
White Castle,Belgian Waffle Slider with Sausage & Gravy (Limited Time),1.89
White Castle,"Belgian Waffle Slider with Bacon, Egg & Cheese (Limited Time)",2.09
White Castle,"Belgian Waffle Slider with Sausage, Egg & Cheese (Limited Time)",2.09
White Castle,Mini Belgian Waffles (Limited Time),1.69
White Castle,Strawberries & Cream Waffles (Limited Time),1.99
White Castle,Mini Donuts,0.39
White Castle,Mini Donuts,0.99
White Castle,Hash Brown Nibblers,1.19
White Castle,Hash Brown Nibblers,1.69
White Castle,Hash Brown Nibblers,2.99
White Castle,French Toast Sticks,1.59
White Castle,Maple & Brown Sugar Oatmeal,1.49
White Castle,Maple & Brown Sugar Oatmeal (No Topping),1.39
Subway,BLT,5.5
Subway,Big Philly Cheesesteak,8.95
Subway,Black Forest Ham,5.5
Subway,Chicken & Bacon Ranch Melt,7.75
Subway,Chipotle Chicken Melt with Guacamole,8.25
Subway,Cold Cut Combo,5.5
Subway,Italian B.M.T.,6.75
Subway,Meatball Marinara,5.5
Subway,Oven Roasted Chicken,6.75
Subway,Pizza Sub with Cheese,5.5
Subway,Roast Beef,7.75
Subway,Spicy Italian,5.5
Subway,Steak & Cheese,7.75
Subway,Subway Club,7.75
Subway,Subway Seafood Sensation,7
Subway,Sweet Onion Chicken Teriyaki,7.75
Subway,Tuna,6.75
Subway,Turkey Breast,6.75
Subway,Turkey Breast & Black Forest Ham,6.75
Subway,Turkey Italiano Melt,6.75
Subway,Veggie Delite,5.5
Subway,Veggie Patty,6.75
Subway,Make It A Meal - 21 oz. Fountain Drink & Side,2.5
Subway,BLT,3.75
Subway,Big Philly Cheesesteak,5.5
Subway,Black Forest Ham,3.75
Subway,Chicken & Bacon Ranch Melt,4.75
Subway,Chipotle Chicken Melt with Guacamole,5
Subway,Cold Cut Combo,3.75
Subway,Italian B.M.T.,4.25
Subway,Meatball Marinara,3.75
Subway,Oven Roasted Chicken,4.25
Subway,Pizza Sub with Cheese,3.75
Subway,Roast Beef,4.75
Subway,Spicy Italian,3.75
Subway,Steak & Cheese,4.75
Subway,Subway Club,4.75
Subway,Subway Seafood Sensation,4.5
Subway,Sweet Onion Chicken Teriyaki,4.75
Subway,Tuna,4.25
Subway,Turkey Breast,4.25
Subway,Turkey Breast & Black Forest Ham,4.25
Subway,Turkey Italiano Melt,4.25
Subway,Veggie Delite,3.75
Subway,Veggie Patty,4.5
Subway,Make It A Meal - 21 oz. Fountain Drink & Side,2.5
Subway,BLT,6
Subway,Big Philly Cheesesteak,7.5
Subway,Black Forest Ham,6
Subway,Chicken & Bacon Ranch Melt,6
Subway,Chipotle Chicken with Guacamole,7.5
Subway,Cold Cut Combo,6
Subway,Double Chicken,7.5
Subway,Italian B.M.T.,6
Subway,Meatball Marinara,6
Subway,Oven Roasted Chicken,6
Subway,Pizza Sub with Cheese,6
Subway,Roast Beef,6
Subway,Spicy Italian,6
Subway,Steak & Cheese,6
Subway,Subway Club,6
Subway,Subway Seafood Sensation,6
Subway,Sweet Onion Chicken Teriyaki,6
Subway,Tuna,6
Subway,Turkey Breast,6
Subway,Turkey Breast & Black Forest Ham,6
Subway,Turkey Italiano,6
Subway,Veggie Delite,5
Subway,Veggie Patty,6
Subway,Apple Slices,1.5
Subway,Chips,1.1
Subway,Cookie,0.65
Subway,Cookies,1.7
Subway,Cookies,6
Subway,Coffee,1.6
Subway,Coffee,1.8
Subway,Fountain Soft Drink,1.6
Subway,Fountain Soft Drink,1.8
Subway,Fountain Soft Drink,2
Subway,1% Milk,1.6
Subway,Dasani Water,1.8
Subway,Minute Maid Juice,1.8
Subway,Kids Meal,4.5
Subway,"Bacon, Egg & Cheese",4
Subway,"Bacon, Egg & Cheese",5.5
Subway,"Black Forrest Ham, Egg & Cheese",4
Subway,"Black Forrest Ham, Egg & Cheese",5.5
Subway,Egg & Cheese Omelet,4
Subway,Egg & Cheese Omelet,5.5
Subway,"Steak, Egg & Cheese",4
Subway,"Steak, Egg & Cheese",5.5
Subway,Add Avocado,0.75
Subway,Add Avocado,1.5
Subway,Hash Browns,1.1
Subway,Cheese or Veggie Pizza,5.5
Subway,Add Extra Cheese,0.5
Subway,Add Bacon,0.5
Subway,Add Pepperoni,0.5
Subway,Beef Chili with Beans,2.5
Subway,Black Bean,2.5
Subway,Broccoli Cheddar,2.5
Subway,Creamy Chicken & Dumplings,2.5
Subway,Homestyle Chicken Noodle,2.5
Subway,Loaded Baked Potato with Bacon,2.5
Subway,Poblano Corn Chowder,2.5
Subway,Tomato Basil,2.5